Timestamp_UTC,Camera_ID,Plate_Number,Make_Model,Vehicle_Type,Color,Confidence,Clarity_Score,Method
2026-09-14T18:53:23.752338+00:00,cam21,GJ14AK5980,Hyundai Creta,SUV,White,0.95,98,ANPR_Read
2026-09-14T18:57:28.432935+00:00,cam21,GJ14AK5980,Hyundai Creta,SUV,White,0.95,98,ANPR_Read
2026-09-14T18:59:11.091528+00:00,cam21,GJ14AK5980,Hyundai Creta,SUV,White,0.95,98,ANPR_Read
2026-09-14T19:00:59.157832+00:00,cam21,GJ07B07989,Truck,Truck,Red,0.60,59,ANPR_Read
2026-09-14T19:01:30.512153+00:00,cam21,GJ27AP9522,Maruti Suzuki Swift Dzire,Sedan,Silver,0.95,98,ANPR_Read
2026-09-14T19:02:01.350573+00:00,cam21,GJ02BD1496,Hyundai Verna,Sedan,Gray,0.95,75,ANPR_Read
2026-09-14T19:02:24.246503+00:00,cam21,GJ27E83015,Kia Seltos,SUV,White,0.95,98,ANPR_Read
2026-09-14T19:02:54.733899+00:00,cam21,GJ1417418,Truck,Truck,Orange,0.85,57,ANPR_Read
2026-09-14T19:03:52.400308+00:00,cam21,UNREADABLE,Tata,Truck,Red,0.00,80,ReID_Match
2026-09-14T19:04:02.137262+00:00,cam21,GJ09TZ1593,Tata,Truck,Orange,0.75,77,ANPR_Read
2026-09-14T19:05:14.190283+00:00,cam21,GJ09AG2853,Maruti Suzuki Ritz,Hatchback,Brown,0.95,98,ANPR_Read
2026-09-14T19:05:58.088468+00:00,cam21,UNREADABLE,Mahindra Bolero Pickup,Truck,White,0.00,77,ReID_Match
2026-09-14T19:06:47.625772+00:00,cam21,GJ02EC8493,Maruti Suzuki Baleno,Hatchback,Dark Gray,0.95,64,ANPR_Read
2026-09-14T19:07:29.281839+00:00,cam21,GJ24AF2561,Hyundai i10,Hatchback,White,0.95,72,ANPR_Read
2026-09-14T19:08:37.770480+00:00,cam21,RJ52649311,Ashok Leyland,Truck,Red,0.95,54,ANPR_Read
2026-09-14T19:10:11.395400+00:00,cam21,GJ14AK5980,Hyundai Creta,SUV,White,0.95,98,ANPR_Read
2026-09-14T19:11:55.782912+00:00,cam21,GJ07B07989,Truck,Truck,Red,0.60,59,ANPR_Read
2026-09-14T19:12:25.384517+00:00,cam21,GJ27AP9522,Maruti Suzuki Swift Dzire,Sedan,Silver,0.95,98,ANPR_Read
2026-09-14T19:12:55.214648+00:00,cam21,GJ02BD1496,Hyundai,Car,Gray,0.95,75,ANPR_Read
2026-09-14T19:13:17.430605+00:00,cam21,GJ27E83015,Kia Seltos,SUV,White,0.95,98,ANPR_Read
2026-09-14T19:13:49.372057+00:00,cam21,GJ1417418,Truck,Truck,Orange,0.85,57,ANPR_Read
2026-09-14T19:14:42.800547+00:00,cam21,UNREADABLE,Tata,Truck,Red,0.00,80,ReID_Match
2026-09-14T19:14:51.781689+00:00,cam21,GJ09TZ1593,Tata,Truck,Orange,0.75,77,ANPR_Read
2026-09-14T19:15:59.753226+00:00,cam21,GJ09A62853,Maruti Suzuki Ritz,Hatchback,Brown,0.95,98,ANPR_Read
2026-09-14T19:16:38.028159+00:00,cam21,GJ01BB4567,Mahindra Bolero Pickup,Truck,White,0.75,77,ANPR_Read
2026-09-14T19:17:36.314989+00:00,cam21,GJ02EC8493,Maruti Suzuki Baleno,Hatchback,Dark Gray,0.95,64,ANPR_Read
2026-09-14T19:18:26.442412+00:00,cam21,GJ24AF256,Hyundai i10,Hatchback,White,0.95,72,ANPR_Read
